{"cameraMode":{"drawMode":0,"name":"Shaded","section":"Shading Mode"},"sceneLighting":true,"audioPlay":false,"sceneViewState":{"showFog":true,"showMaterialUpdate":false,"showSkybox":true,"showFlares":true,"showImageEffects":true,"showParticleSystems":true,"showVisualEffectGraphs":true,"m_FxEnabled":true},"in2DMode":false,"pivot":{"x":599.279052734375,"y":239.40443420410157,"z":-145.0216522216797},"rotation":{"x":0.00010309330536983907,"y":0.9957139492034912,"z":0.09255795925855637,"w":-0.0011939177056774498},"size":420.4067077636719,"orthographic":false}